test,link,I5,76532833
test,link,X4,63720244
test,link,mM,67975085
test,link,VC,63893893
test,link,Af,67011788
test,link,nN,3801115
test,link,BY,3628941
test,link,Us,2553574
test,link,za,3568053
test,link,E2,1070808
test,link,gy,1926065
test,link,uw,8136317
test,link,h9,7541295
test,link,0R,6120857
test,link,R7,8799032
test,link,8O,1883779
test,link,yO,1599326
test,link,6m,5874348
test,link,rn,5433411
test,link,co,2320570
test,link,A0,1431519
test,link,s4,2115170
test,link,0R,1934289
test,link,Kf,855792
test,link,Jf,16033954
test,link,rk,14403551
test,link,Cx,5486677
test,link,L6,20280809
test,link,kx,958451
test,link,iX,997952
test,link,jd,1863051
test,link,lW,11769459
test,link,RR,4357494
test,link,x3,6584359
test,link,WK,26423944
test,link,m8,27396651
test,link,AA,6249873
test,link,gT,8844867
test,link,lP,9804810
test,link,hO,3784459
test,link,rd,3371046
test,link,25,20107471
test,link,5t,8565072
test,link,xY,9738651
test,link,Uc,3915826
test,link,Gk,1250311
test,link,BL,1345126
test,link,N5,5039555
test,link,72,26098171
test,link,vg,5974334
test,link,sj,11883369
test,link,mD,37784699
test,link,5q,32396064
test,link,HX,9674461
test,link,Qo,4314604
test,link,Ry,20927963
test,link,nM,24814978
test,link,M4,10532291
test,link,0o,16223646
test,link,Lm,25129787
test,link,wA,7506910
test,link,Lx,6680671
test,link,2W,19389346
test,link,wI,26113287
test,link,SZ,7086634
test,link,fe,35554009
test,link,aR,8953559
test,link,Rs,27813477
test,link,c5,34504761
test,link,ZQ,15595443
test,link,6F,20044855
test,link,iw,874587
test,link,Up,28122536
test,link,wz,4731619
test,link,vJ,8015567
test,link,9J,16197558
test,link,Tt,19206420
test,link,t5,3234217
test,link,Vx,5398827
test,link,oY,8518754
test,link,5x,5352627
test,link,SA,10851731
test,link,QO,13410529
test,link,Kt,17589961
test,link,DY,5523221
test,link,mI,9353538
test,link,N8,19168586
test,link,pL,11644106
test,link,OT,5473521
test,link,9n,10918596
test,link,lj,2271618
test,link,tv,6191936
test,link,tF,7165862
test,link,o2,1378035
test,link,ex,1632224
test,link,OH,982751
test,link,f2,3069976
test,link,zl,14223397
test,link,ww,8100246
test,link,ec,10092082
